INSERT INTO users (id, name, age) VALUES 
(1,"Ben",25),(2,"Meghan",22),(3,"Adam",21),(4,"Will",25),(5,"Clay",23),
(6,"Donovan",23),(7,"Bri",22),(8,"Sierra",24),(9,"Dru",27),(10,"Olivia",23),
(11,"Matt",30),(12,"Billy",24),(13,"Theo",24),(14,"Alex",23),
(15,"Megan",26),(16,"Jacq",29),(17,"Joe",21),(18,"Kalyn",25),
(19,"Nathan",27),(20,"Natalie",26);

INSERT INTO projects (id, title, category, funding_goal, start_date, end_date) VALUES 
(1,"Beatles","Music",50000,"today","tomorrow"),
(2,"Stones","Music",1248824,"today","tomorrow"),
(3,"Cirque","Performance",599595,"today","tomorrow"),
(4,"Elf","Movie",1,"today","tomorrow"),
(5,"Golf","activity",4898969,"today","tomorrow"),
(6,"Lone star","State",99999,"today","tomorrow"),
(7,"Babbling brook","Nature",100,"today","tomorrow"),
(8,"Bread","Food",5,"today","tomorrow"),
(9,"Belted Kingfisher","Nature",111000111,"today","tomorrow"),
(10,"Spike ball","Sport",5000,"today","tomorrow");

INSERT INTO pledges (id, amount, user_id, project_id) VALUES 
(1, 1575, 17, 5),
(2, 2655, 5, 0),
(3, 4685, 7, 3),
(4, 3330, 14, 8),
(5, 4527, 19, 8),
(6, 4326, 2, 7),
(7, 450, 12, 2),
(8, 522, 5, 7),
(9, 4257, 15, 8),
(10, 3732, 13, 2),
(11, 3606, 10, 4),
(12, 602, 19, 9),
(13, 2607, 1, 2),
(14, 3263, 9, 4),
(15, 1953, 18, 0),
(16, 4079, 14, 7),
(17, 4237, 1, 7),
(18, 770, 2, 5),
(19, 2506, 12, 5),
(20, 4079, 2, 8),
(21, 370, 17, 7),
(22, 750, 16, 0),
(23, 1846, 18, 9),
(24, 4147, 10, 3),
(25, 1764, 15, 1),
(26, 3690, 16, 1),
(27, 4031, 6, 2),
(28, 3288, 18, 0),
(29, 667, 1, 1),
(30, 214, 4, 8);